Accession,Dataset,split_1,split_2,split_3,split_4,split_5,split_6,split_7,split_8,split_9,split_10
ENCFF470BUR,/experiments/ENCSR000SSH/,0,1,1,0,1,0,0,0,1,0
ENCFF334ONA,/experiments/ENCSR000SSH/,0,1,1,0,1,0,0,0,1,0
ENCFF877HWY,/experiments/ENCSR001KKZ/,0,0,0,0,0,0,0,0,0,0
ENCFF461CTN,/experiments/ENCSR001KKZ/,0,0,0,0,0,0,0,0,0,0
ENCFF498BYQ,/experiments/ENCSR001VAC/,0,1,0,1,0,0,0,0,0,0
ENCFF120UIK,/experiments/ENCSR001VAC/,0,1,0,1,0,0,0,0,0,0
ENCFF930FVO,/experiments/ENCSR004VIR/,0,0,0,0,0,0,0,1,0,0
ENCFF928PQT,/experiments/ENCSR004VIR/,0,0,0,0,0,0,0,1,0,0
ENCFF874PCG,/experiments/ENCSR006OEQ/,1,1,1,0,0,0,0,1,0,1
ENCFF352HXC,/experiments/ENCSR006OEQ/,1,1,1,0,0,0,0,1,0,1
ENCFF884KLU,/experiments/ENCSR008MQM/,1,0,0,0,0,0,0,1,0,0
ENCFF338ZLQ,/experiments/ENCSR008MQM/,1,0,0,0,0,0,0,1,0,0
ENCFF813QRH,/experiments/ENCSR009CIV/,0,1,1,0,0,0,0,0,0,0
ENCFF357QDX,/experiments/ENCSR013CTQ/,0,0,0,0,1,0,0,0,1,1
ENCFF609MDJ,/experiments/ENCSR013CTQ/,0,0,0,0,1,0,0,0,1,1
ENCFF841ZMA,/experiments/ENCSR018RVZ/,1,0,1,0,1,0,0,0,0,0
ENCFF731KNX,/experiments/ENCSR018RVZ/,1,0,1,0,1,0,0,0,0,0
ENCFF019WXR,/experiments/ENCSR018WPY/,0,0,0,0,0,0,0,0,0,0
ENCFF455ERC,/experiments/ENCSR018WPY/,0,0,0,0,0,0,0,0,0,0
ENCFF975CKG,/experiments/ENCSR018ZUE/,0,0,0,0,1,0,0,1,1,1
ENCFF214SWU,/experiments/ENCSR018ZUE/,0,0,0,0,1,0,0,1,1,1
ENCFF408YYK,/experiments/ENCSR022BVV/,0,0,1,0,0,0,0,0,0,1
ENCFF924IHY,/experiments/ENCSR022BVV/,0,0,1,0,0,0,0,0,0,1
ENCFF627GSD,/experiments/ENCSR023PKW/,0,0,0,0,0,0,0,0,0,0
ENCFF548DYX,/experiments/ENCSR023PKW/,0,0,0,0,0,0,0,0,0,0
ENCFF128ROY,/experiments/ENCSR023UHL/,0,0,0,0,0,1,0,0,0,0
ENCFF891HJO,/experiments/ENCSR023UHL/,0,0,0,0,0,1,0,0,0,0
ENCFF006DQH,/experiments/ENCSR028CRL/,0,0,0,0,0,1,0,0,0,0
ENCFF639TBT,/experiments/ENCSR033FWT/,0,0,0,1,0,0,0,0,1,0
ENCFF673VLP,/experiments/ENCSR038JME/,0,0,0,0,0,0,0,0,1,0
ENCFF553UKA,/experiments/ENCSR038JME/,0,0,0,0,0,0,0,0,1,0
ENCFF397TYS,/experiments/ENCSR038TMA/,0,0,1,0,0,0,0,0,0,0
ENCFF671GCD,/experiments/ENCSR040QLV/,0,0,1,0,0,0,0,0,0,0
ENCFF363TSA,/experiments/ENCSR040QLV/,0,0,1,0,0,0,0,0,0,0
ENCFF851SIK,/experiments/ENCSR041NUV/,0,0,0,0,1,0,0,0,0,0
ENCFF024EQI,/experiments/ENCSR041NUV/,0,0,0,0,1,0,0,0,0,0
ENCFF159XFE,/experiments/ENCSR042RCU/,0,0,1,0,0,0,0,0,0,1
ENCFF656XSL,/experiments/ENCSR044NGV/,0,0,1,0,0,1,1,1,0,0
ENCFF445MTV,/experiments/ENCSR046JHH/,0,1,0,0,0,1,0,0,0,0
ENCFF764VBB,/experiments/ENCSR046JHH/,0,1,0,0,0,1,0,0,0,0
ENCFF156ZDE,/experiments/ENCSR049GND/,0,0,1,0,0,0,0,1,0,0
ENCFF522VGK,/experiments/ENCSR050BDZ/,0,0,0,1,0,1,1,0,0,0
ENCFF283KXT,/experiments/ENCSR050BDZ/,0,0,0,1,0,1,1,0,0,0
ENCFF495WQA,/experiments/ENCSR051IXX/,0,0,0,0,1,1,0,0,0,0
ENCFF414YHF,/experiments/ENCSR056RZV/,0,0,0,0,0,0,1,0,0,0
ENCFF893QVN,/experiments/ENCSR057DWB/,1,1,0,0,1,0,1,0,1,0
ENCFF604VPQ,/experiments/ENCSR057DWB/,1,1,0,0,1,0,1,0,1,0
ENCFF313UGS,/experiments/ENCSR058PIY/,0,0,0,0,1,0,1,0,0,0
ENCFF306KCA,/experiments/ENCSR058PIY/,0,0,0,0,1,0,1,0,0,0
ENCFF114WDK,/experiments/ENCSR059CWF/,0,0,0,0,0,1,0,0,0,1
ENCFF523LSW,/experiments/ENCSR059CWF/,0,0,0,0,0,1,0,0,0,1
ENCFF020YXZ,/experiments/ENCSR060MRW/,0,0,0,1,0,1,0,0,1,0
ENCFF118MKD,/experiments/ENCSR060MRW/,0,0,0,1,0,1,0,0,1,0
ENCFF361CSS,/experiments/ENCSR060VZF/,0,0,0,0,0,0,1,1,0,0
ENCFF303YBI,/experiments/ENCSR061EVO/,0,1,0,0,0,0,0,0,0,1
ENCFF886NVW,/experiments/ENCSR061EVO/,0,1,0,0,0,0,0,0,0,1
ENCFF905UKZ,/experiments/ENCSR061SZV/,0,0,0,1,0,0,0,1,1,0
ENCFF542YWU,/experiments/ENCSR061SZV/,0,0,0,1,0,0,0,1,1,0
ENCFF307AUO,/experiments/ENCSR062NNB/,0,0,0,0,1,1,0,1,0,0
ENCFF643OXD,/experiments/ENCSR062NNB/,0,0,0,0,1,1,0,1,0,0
ENCFF110AGV,/experiments/ENCSR067UKU/,0,0,0,0,0,1,0,1,0,0
ENCFF307BRQ,/experiments/ENCSR069EVH/,0,1,0,0,0,0,0,0,0,0
ENCFF336ZEJ,/experiments/ENCSR069EVH/,0,1,0,0,0,0,0,0,0,0
ENCFF742YFO,/experiments/ENCSR077KVG/,0,0,0,0,0,1,0,0,0,1
ENCFF489GBW,/experiments/ENCSR080OLK/,0,0,0,0,0,0,1,0,0,0
ENCFF149VKG,/experiments/ENCSR081JYH/,0,1,0,0,0,0,0,1,0,0
ENCFF839INY,/experiments/ENCSR081JYH/,0,1,0,0,0,0,0,1,0,0
ENCFF727FEM,/experiments/ENCSR081WUU/,0,0,1,0,1,0,0,0,0,0
ENCFF503AHN,/experiments/ENCSR085JPB/,0,0,0,1,1,0,0,1,0,0
ENCFF577MTW,/experiments/ENCSR085JPB/,0,0,0,1,1,0,0,1,0,0
ENCFF241MTQ,/experiments/ENCSR089BXO/,1,0,1,0,0,0,0,0,0,1
ENCFF087VMD,/experiments/ENCSR089BXO/,1,0,1,0,0,0,0,0,0,1
ENCFF786UGT,/experiments/ENCSR090LNQ/,0,0,0,0,0,0,0,1,1,0
ENCFF452ZWM,/experiments/ENCSR090LNQ/,0,0,0,0,0,0,0,1,1,0
ENCFF060CDK,/experiments/ENCSR090VXV/,1,0,0,1,0,0,0,1,0,0
ENCFF029VYS,/experiments/ENCSR095SIV/,0,1,0,0,0,0,0,0,0,1
ENCFF486ZOM,/experiments/ENCSR096SZE/,0,0,0,1,0,1,0,1,1,0
ENCFF164ISP,/experiments/ENCSR096YAP/,0,0,0,0,1,1,0,0,0,1
ENCFF273TMJ,/experiments/ENCSR096YAP/,0,0,0,0,1,1,0,0,0,1
ENCFF477APU,/experiments/ENCSR097NEE/,0,0,0,0,0,0,0,0,1,0
ENCFF647KKB,/experiments/ENCSR097NEE/,0,0,0,0,0,0,0,0,1,0
ENCFF612GEW,/experiments/ENCSR098VKQ/,0,0,1,0,0,0,0,1,0,0
ENCFF219DHH,/experiments/ENCSR099KAK/,0,1,0,0,0,1,0,1,1,0
ENCFF182GNB,/experiments/ENCSR100ARZ/,0,1,0,0,1,0,1,0,0,0
ENCFF915ASX,/experiments/ENCSR100ARZ/,0,1,0,0,1,0,1,0,0,0
ENCFF928TNJ,/experiments/ENCSR103HDM/,0,0,0,0,0,1,0,1,1,0
ENCFF854MYE,/experiments/ENCSR110XNS/,0,0,0,0,0,0,0,0,0,0
ENCFF705HGN,/experiments/ENCSR111UKN/,0,0,0,0,0,0,0,0,0,0
ENCFF991BGJ,/experiments/ENCSR111UKN/,0,0,0,0,0,0,0,0,0,0
ENCFF085YZL,/experiments/ENCSR111USM/,0,0,1,0,0,0,0,1,1,1
ENCFF356BGH,/experiments/ENCSR114XBO/,1,1,0,0,0,1,0,0,0,1
ENCFF837BRE,/experiments/ENCSR115GAA/,0,0,0,0,0,1,1,0,0,0
ENCFF507IXS,/experiments/ENCSR119AFY/,0,0,0,0,0,0,0,0,0,1
ENCFF111EUR,/experiments/ENCSR120EAR/,0,0,0,0,0,0,0,0,0,0
ENCFF250XVF,/experiments/ENCSR120EAR/,0,0,0,0,0,0,0,0,0,0
ENCFF628QLB,/experiments/ENCSR121GQH/,0,0,0,0,0,0,0,0,0,0
ENCFF690PXO,/experiments/ENCSR121GQH/,0,0,0,0,0,0,0,0,0,0
ENCFF507XFA,/experiments/ENCSR121NVA/,0,0,0,0,0,0,0,0,0,0
ENCFF074MHP,/experiments/ENCSR121NVA/,0,0,0,0,0,0,0,0,0,0
ENCFF592FNJ,/experiments/ENCSR125CLF/,0,1,0,1,0,0,1,0,1,0
ENCFF096GCS,/experiments/ENCSR128BUO/,0,0,0,1,0,1,0,0,1,0
ENCFF237HET,/experiments/ENCSR128VXC/,0,0,0,0,0,0,0,0,0,0
ENCFF871WGQ,/experiments/ENCSR128VXC/,0,0,0,0,0,0,0,0,0,0
ENCFF365RSB,/experiments/ENCSR129SCO/,0,0,0,0,0,0,0,1,0,0
ENCFF974DXZ,/experiments/ENCSR130TOJ/,0,0,0,1,0,0,0,0,0,0
ENCFF942DWN,/experiments/ENCSR130ZDS/,0,0,0,0,0,0,1,0,0,0
ENCFF351MRH,/experiments/ENCSR133QEA/,1,0,0,0,0,0,0,0,0,0
ENCFF585JKL,/experiments/ENCSR133QEA/,1,0,0,0,0,0,0,0,0,0
ENCFF004CIG,/experiments/ENCSR135VMS/,0,0,0,0,0,0,0,0,0,0
ENCFF407UHQ,/experiments/ENCSR135VMS/,0,0,0,0,0,0,0,0,0,0
ENCFF850JPJ,/experiments/ENCSR138HJN/,0,1,0,0,0,0,0,1,0,0
ENCFF513AFK,/experiments/ENCSR141OIM/,0,0,0,0,0,0,0,0,0,0
ENCFF102XRX,/experiments/ENCSR141OIM/,0,0,0,0,0,0,0,0,0,0
ENCFF560DED,/experiments/ENCSR143CTS/,0,0,0,0,0,0,0,0,0,1
ENCFF398TVO,/experiments/ENCSR143CTS/,0,0,0,0,0,0,0,0,0,1
ENCFF447BHR,/experiments/ENCSR145NLR/,0,1,0,1,0,0,0,0,0,0
ENCFF402STK,/experiments/ENCSR145NLR/,0,1,0,1,0,0,0,0,0,0
ENCFF394FLG,/experiments/ENCSR145PHJ/,0,0,0,0,0,0,0,0,0,1
ENCFF291AXK,/experiments/ENCSR145ZKN/,1,0,0,0,0,0,1,1,0,0
ENCFF618ASS,/experiments/ENCSR151MPZ/,1,0,1,0,1,0,0,0,1,0
ENCFF690HVR,/experiments/ENCSR153STI/,0,0,0,0,0,0,0,0,0,0
ENCFF468HAG,/experiments/ENCSR153STI/,0,0,0,0,0,0,0,0,0,0
ENCFF533ART,/experiments/ENCSR154CSN/,0,0,1,0,0,0,0,0,0,0
ENCFF794QAR,/experiments/ENCSR154CSN/,0,0,1,0,0,0,0,0,0,0
ENCFF107UYK,/experiments/ENCSR154HRN/,0,0,0,0,0,0,1,0,0,0
ENCFF352GSS,/experiments/ENCSR154HRN/,0,0,0,0,0,0,1,0,0,0
ENCFF863JKQ,/experiments/ENCSR155XOS/,0,0,0,0,0,1,0,0,0,0
ENCFF317QOW,/experiments/ENCSR157BRV/,0,1,0,0,1,0,0,0,0,1
ENCFF196BNM,/experiments/ENCSR161TFX/,0,0,1,1,0,0,0,0,0,0
ENCFF354GQD,/experiments/ENCSR167OYL/,0,0,0,0,1,0,0,0,0,1
ENCFF470SFI,/experiments/ENCSR168VUE/,0,1,0,0,0,0,0,1,0,0
ENCFF456NCY,/experiments/ENCSR168VUE/,0,1,0,0,0,0,0,1,0,0
ENCFF624VHF,/experiments/ENCSR170XQH/,0,0,0,0,0,1,0,0,0,1
ENCFF413SVN,/experiments/ENCSR177QQY/,0,0,0,0,0,0,0,0,1,0
ENCFF916SOX,/experiments/ENCSR177QQY/,0,0,0,0,0,0,0,0,1,0
ENCFF264WXA,/experiments/ENCSR179MPN/,1,0,0,0,0,0,0,0,0,0
ENCFF604OCB,/experiments/ENCSR179MPN/,1,0,0,0,0,0,0,0,0,0
ENCFF971JKG,/experiments/ENCSR180EJY/,1,0,0,0,0,0,0,0,0,0
ENCFF361EVD,/experiments/ENCSR181NRW/,1,1,0,0,0,0,1,0,0,0
ENCFF411LMS,/experiments/ENCSR181NRW/,1,1,0,0,0,0,1,0,0,0
ENCFF808IYM,/experiments/ENCSR181YHI/,0,0,0,1,0,0,0,0,0,0
ENCFF851DJV,/experiments/ENCSR181YHI/,0,0,0,1,0,0,0,0,0,0
ENCFF794KAP,/experiments/ENCSR182AEG/,0,0,1,0,1,0,0,0,0,1
ENCFF401KWK,/experiments/ENCSR183FVK/,0,0,0,0,1,0,1,1,1,0
ENCFF137LSG,/experiments/ENCSR187VEQ/,0,0,0,0,1,1,0,0,1,0
ENCFF868WQR,/experiments/ENCSR187VEQ/,0,0,0,0,1,1,0,0,1,0
ENCFF655TIR,/experiments/ENCSR188OHK/,0,1,0,0,0,1,0,0,1,0
ENCFF512AHQ,/experiments/ENCSR192PUP/,0,1,1,0,0,0,0,1,0,0
ENCFF611LDZ,/experiments/ENCSR192TPA/,1,0,0,0,1,0,0,1,0,0
ENCFF335AAR,/experiments/ENCSR194AVW/,0,1,1,0,0,0,0,1,1,1
ENCFF537BAJ,/experiments/ENCSR194HZU/,0,1,0,0,1,0,1,0,0,0
ENCFF656UJI,/experiments/ENCSR194HZU/,0,1,0,0,1,0,1,0,0,0
ENCFF113HCY,/experiments/ENCSR195IWB/,0,1,1,0,1,1,1,1,0,1
ENCFF008EYG,/experiments/ENCSR196INN/,1,0,0,0,1,0,1,0,0,1
ENCFF688FME,/experiments/ENCSR196INN/,1,0,0,0,1,0,1,0,0,1
ENCFF045ANJ,/experiments/ENCSR197INS/,0,0,0,0,0,1,0,1,0,0
ENCFF234LRU,/experiments/ENCSR197INS/,0,0,0,0,0,1,0,1,0,0
ENCFF793DFG,/experiments/ENCSR197LHH/,0,0,1,0,0,0,0,0,0,0
ENCFF413EEC,/experiments/ENCSR197NFH/,0,0,0,0,0,0,0,0,0,0
ENCFF962AUM,/experiments/ENCSR200DKE/,0,1,0,0,0,0,0,0,0,0
ENCFF569EHE,/experiments/ENCSR200DKE/,0,1,0,0,0,0,0,0,0,0
ENCFF409TRK,/experiments/ENCSR200SAU/,0,0,1,0,0,0,0,1,1,1
ENCFF912MAK,/experiments/ENCSR202BFN/,0,0,1,0,0,0,1,0,0,0
ENCFF565HKG,/experiments/ENCSR202BFN/,0,0,1,0,0,0,1,0,0,0
ENCFF915BUQ,/experiments/ENCSR202HKN/,1,0,1,0,0,0,0,0,1,1
ENCFF953XOY,/experiments/ENCSR202HKN/,1,0,1,0,0,0,0,0,1,1
ENCFF207TDD,/experiments/ENCSR205ZCE/,1,1,0,1,0,0,0,0,0,0
ENCFF941NZR,/experiments/ENCSR206RXT/,0,0,0,0,0,0,1,0,0,1
ENCFF368HXQ,/experiments/ENCSR206RXT/,0,0,0,0,0,0,1,0,0,1
ENCFF301TAX,/experiments/ENCSR207DWI/,0,0,0,0,1,0,0,0,0,0
ENCFF018ESM,/experiments/ENCSR212ILN/,1,0,0,0,0,0,0,0,0,0
ENCFF828OKI,/experiments/ENCSR214BZA/,0,0,0,0,1,0,0,0,0,0
ENCFF735YZN,/experiments/ENCSR214BZA/,0,0,0,0,1,0,0,0,0,0
ENCFF944OVU,/experiments/ENCSR217SVF/,0,0,0,0,0,0,0,1,0,0
ENCFF193DXV,/experiments/ENCSR217SVF/,0,0,0,0,0,0,0,1,0,0
ENCFF610HNX,/experiments/ENCSR218NAB/,0,1,0,0,1,0,1,0,0,0
ENCFF318VMS,/experiments/ENCSR218NAB/,0,1,0,0,1,0,1,0,0,0
ENCFF447ZUQ,/experiments/ENCSR219TIG/,0,1,0,0,1,0,0,0,1,0
ENCFF120HCK,/experiments/ENCSR219TIG/,0,1,0,0,1,0,0,0,1,0
ENCFF877MBQ,/experiments/ENCSR224ECB/,0,0,0,0,1,0,0,0,0,1
ENCFF390XNM,/experiments/ENCSR224QWC/,0,1,0,1,1,0,0,0,0,0
ENCFF487CVX,/experiments/ENCSR224QWC/,0,1,0,1,1,0,0,0,0,0
ENCFF418SOC,/experiments/ENCSR224SND/,1,1,0,0,1,0,0,0,0,1
ENCFF079TBA,/experiments/ENCSR237YKY/,0,0,1,0,0,0,0,1,0,0
ENCFF226DPF,/experiments/ENCSR237YKY/,0,0,1,0,0,0,0,1,0,0
ENCFF384BDA,/experiments/ENCSR238CLX/,0,0,0,1,0,0,0,0,0,0
ENCFF447WDR,/experiments/ENCSR238CLX/,0,0,0,1,0,0,0,0,0,0
ENCFF195JRZ,/experiments/ENCSR240MVJ/,0,0,0,0,0,0,0,0,1,0
ENCFF383SFO,/experiments/ENCSR240MVJ/,0,0,0,0,0,0,0,0,1,0
ENCFF266XEL,/experiments/ENCSR240ZFU/,1,0,0,1,0,0,0,0,0,0
ENCFF352XFW,/experiments/ENCSR241ALC/,0,0,0,0,0,0,0,0,0,0
ENCFF147FKV,/experiments/ENCSR247PDK/,0,1,0,0,0,0,0,1,0,1
ENCFF104LHO,/experiments/ENCSR248TXP/,1,0,0,1,0,0,0,0,0,0
ENCFF074ODK,/experiments/ENCSR248TXP/,1,0,0,1,0,0,0,0,0,0
ENCFF734JPC,/experiments/ENCSR249ROI/,0,0,0,1,0,0,0,0,1,0
ENCFF937KFG,/experiments/ENCSR249ROI/,0,0,0,1,0,0,0,0,1,0
ENCFF887HZS,/experiments/ENCSR249WNK/,0,0,0,0,0,0,1,0,0,0
ENCFF398EKK,/experiments/ENCSR251FMT/,0,1,0,0,1,0,0,0,0,0
ENCFF726EOS,/experiments/ENCSR254NWE/,0,0,0,0,0,0,0,0,0,0
ENCFF019PZK,/experiments/ENCSR254NWE/,0,0,0,0,0,0,0,0,0,0
ENCFF372JTR,/experiments/ENCSR255PGS/,0,0,0,1,0,0,0,0,0,0
ENCFF125HTS,/experiments/ENCSR256CHX/,0,1,1,1,1,0,0,0,0,0
ENCFF725CBA,/experiments/ENCSR256CHX/,0,1,1,1,1,0,0,0,0,0
ENCFF785OLO,/experiments/ENCSR256NCI/,0,0,0,1,0,0,1,0,0,0
ENCFF495VVD,/experiments/ENCSR256NCI/,0,0,0,1,0,0,1,0,0,0
ENCFF304ECY,/experiments/ENCSR257OYO/,1,0,0,0,0,1,0,0,1,0
ENCFF041HAI,/experiments/ENCSR258QKO/,0,0,0,0,0,0,1,1,0,0
ENCFF701NLR,/experiments/ENCSR258QKO/,0,0,0,0,0,0,1,1,0,0
ENCFF887XEU,/experiments/ENCSR265LJL/,1,0,0,0,0,0,0,0,0,0
ENCFF037ICH,/experiments/ENCSR265LJL/,1,0,0,0,0,0,0,0,0,0
ENCFF747FBU,/experiments/ENCSR265ZIS/,0,0,0,0,1,0,0,0,0,1
ENCFF613QDB,/experiments/ENCSR265ZIS/,0,0,0,0,1,0,0,0,0,1
ENCFF283JNS,/experiments/ENCSR266UVO/,1,1,1,1,0,0,1,0,1,0
ENCFF790GSX,/experiments/ENCSR266XXD/,0,0,1,0,0,1,1,0,0,0
ENCFF036ZJT,/experiments/ENCSR267OLV/,0,0,0,0,0,1,0,0,0,0
ENCFF363ZXR,/experiments/ENCSR267OLV/,0,0,0,0,0,1,0,0,0,0
ENCFF600EOC,/experiments/ENCSR267UCX/,0,0,0,0,1,0,0,1,0,0
ENCFF503KDE,/experiments/ENCSR267UCX/,0,0,0,0,1,0,0,1,0,0
ENCFF335HRO,/experiments/ENCSR268ETU/,0,0,0,0,0,0,0,0,0,0
ENCFF228HUK,/experiments/ENCSR268ETU/,0,0,0,0,0,0,0,0,0,0
ENCFF057EYS,/experiments/ENCSR268SKI/,0,0,0,0,0,0,1,1,0,1
ENCFF005DWR,/experiments/ENCSR269AJF/,0,0,0,0,0,1,0,0,0,0
ENCFF268WIE,/experiments/ENCSR269AJF/,0,0,0,0,0,1,0,0,0,0
ENCFF558SOA,/experiments/ENCSR277DEO/,0,0,0,0,1,0,0,0,0,0
ENCFF661HMQ,/experiments/ENCSR277DEO/,0,0,0,0,1,0,0,0,0,0
ENCFF200IHY,/experiments/ENCSR278BZH/,0,0,1,0,0,0,0,0,0,0
ENCFF702GTT,/experiments/ENCSR279UJF/,0,0,1,1,0,0,0,0,0,0
ENCFF992GNI,/experiments/ENCSR279UJF/,0,0,1,1,0,0,0,0,0,0
ENCFF934QLS,/experiments/ENCSR290JPJ/,0,0,0,0,1,0,0,0,0,1
ENCFF891MFI,/experiments/ENCSR290VLT/,1,0,0,0,0,0,0,0,0,0
ENCFF453ITV,/experiments/ENCSR290VLT/,1,0,0,0,0,0,0,0,0,0
ENCFF049SUS,/experiments/ENCSR291XPT/,1,0,1,1,0,1,1,0,0,1
ENCFF906EMD,/experiments/ENCSR291XPT/,1,0,1,1,0,1,1,0,0,1
ENCFF408KFB,/experiments/ENCSR293CFE/,0,0,0,0,0,0,0,0,1,0
ENCFF388MPI,/experiments/ENCSR293CFE/,0,0,0,0,0,0,0,0,1,0
ENCFF507WKA,/experiments/ENCSR293FWY/,0,0,0,1,0,0,0,0,0,0
ENCFF926UWX,/experiments/ENCSR293FWY/,0,0,0,1,0,0,0,0,0,0
ENCFF163RYF,/experiments/ENCSR295OKT/,0,0,0,0,0,0,1,0,0,0
ENCFF981SGX,/experiments/ENCSR295OKT/,0,0,0,0,0,0,1,0,0,0
ENCFF869IBS,/experiments/ENCSR298SAD/,0,0,0,0,0,1,0,0,0,0
ENCFF796BVT,/experiments/ENCSR299AAB/,0,1,0,0,0,0,0,0,1,0
ENCFF850VGF,/experiments/ENCSR301TFY/,0,0,0,0,0,0,0,0,0,0
ENCFF462ZYJ,/experiments/ENCSR301TFY/,0,0,0,0,0,0,0,0,0,0
ENCFF424ZQP,/experiments/ENCSR301UQM/,0,0,0,0,0,0,0,0,0,0
ENCFF364XWE,/experiments/ENCSR301UQM/,0,0,0,0,0,0,0,0,0,0
ENCFF136TZL,/experiments/ENCSR303OQD/,0,0,0,0,0,1,0,0,0,0
ENCFF305KBN,/experiments/ENCSR303OQD/,0,0,0,0,0,1,0,0,0,0
ENCFF927DLO,/experiments/ENCSR305IPT/,1,1,0,1,1,1,0,1,0,0
ENCFF492WZW,/experiments/ENCSR305KNE/,1,1,0,1,0,1,0,0,1,0
ENCFF101DTP,/experiments/ENCSR307WAE/,0,0,0,0,0,0,0,0,1,0
ENCFF923KPH,/experiments/ENCSR307WAE/,0,0,0,0,0,0,0,0,1,0
ENCFF699HKX,/experiments/ENCSR307YIW/,0,0,0,0,0,0,0,0,1,0
ENCFF537IFC,/experiments/ENCSR307YIW/,0,0,0,0,0,0,0,0,1,0
ENCFF156NIJ,/experiments/ENCSR308RMD/,0,0,0,1,1,0,0,0,0,0
ENCFF046QBX,/experiments/ENCSR308YNT/,0,0,0,0,0,0,1,1,0,1
ENCFF116YKN,/experiments/ENCSR308YNT/,0,0,0,0,0,0,1,1,0,1
ENCFF413QVJ,/experiments/ENCSR309GHK/,0,1,1,0,0,0,0,1,0,1
ENCFF598XCN,/experiments/ENCSR310WYE/,1,0,0,1,0,0,0,1,0,0
ENCFF836WPZ,/experiments/ENCSR314UMJ/,1,0,0,0,0,1,0,0,0,0
ENCFF267TXP,/experiments/ENCSR314UMJ/,1,0,0,0,0,1,0,0,0,0
ENCFF608PYH,/experiments/ENCSR316SZJ/,0,0,0,1,0,0,0,0,0,0
ENCFF993PJL,/experiments/ENCSR316SZJ/,0,0,0,1,0,0,0,0,0,0
ENCFF314IKA,/experiments/ENCSR317PWQ/,0,0,0,0,0,0,0,0,0,1
ENCFF394SQZ,/experiments/ENCSR321GBR/,0,1,0,0,0,0,1,0,0,1
ENCFF512IIH,/experiments/ENCSR321PWZ/,0,0,0,0,0,1,0,0,0,0
ENCFF882KLC,/experiments/ENCSR321PWZ/,0,0,0,0,0,1,0,0,0,0
ENCFF164ZGA,/experiments/ENCSR322HHA/,0,0,0,0,0,0,1,0,0,0
ENCFF959XKN,/experiments/ENCSR322HHA/,0,0,0,0,0,0,1,0,0,0
ENCFF998SFM,/experiments/ENCSR322KLN/,0,0,0,0,0,0,1,0,1,0
ENCFF657IYT,/experiments/ENCSR325HDY/,0,0,0,0,1,0,0,1,0,0
ENCFF158KAT,/experiments/ENCSR325HDY/,0,0,0,0,1,0,0,1,0,0
ENCFF336EAH,/experiments/ENCSR327BBW/,0,0,0,0,0,0,0,0,0,0
ENCFF752UQK,/experiments/ENCSR327BBW/,0,0,0,0,0,0,0,0,0,0
ENCFF808KHS,/experiments/ENCSR328KKB/,1,0,0,0,0,1,0,0,0,0
ENCFF249GEL,/experiments/ENCSR328LLU/,0,0,0,0,0,0,0,0,0,0
ENCFF222RBX,/experiments/ENCSR328LLU/,0,0,0,0,0,0,0,0,0,0
ENCFF507QFP,/experiments/ENCSR331MIC/,0,0,0,1,0,0,1,0,0,1
ENCFF318QPN,/experiments/ENCSR331MIC/,0,0,0,1,0,0,1,0,0,1
ENCFF319MIE,/experiments/ENCSR331VNX/,0,0,0,0,0,0,1,0,1,1
ENCFF647ULQ,/experiments/ENCSR331VNX/,0,0,0,0,0,0,1,0,1,1
ENCFF678FPJ,/experiments/ENCSR333PZV/,1,0,0,1,1,0,0,0,0,1
ENCFF993FHX,/experiments/ENCSR334OMC/,1,1,1,0,0,0,0,0,0,0
ENCFF594KTU,/experiments/ENCSR334QFR/,0,0,1,0,0,0,0,1,0,0
ENCFF827BFL,/experiments/ENCSR334QFR/,0,0,1,0,0,0,0,1,0,0
ENCFF272SVX,/experiments/ENCSR337XGI/,0,0,1,0,0,0,0,1,0,0
ENCFF040MFF,/experiments/ENCSR337XGI/,0,0,1,0,0,0,0,1,0,0
ENCFF359KSX,/experiments/ENCSR339FUY/,1,0,0,0,0,0,0,0,0,0
ENCFF332NKK,/experiments/ENCSR339FUY/,1,0,0,0,0,0,0,0,0,0
ENCFF104YFG,/experiments/ENCSR343MKJ/,0,0,0,1,0,0,1,0,1,0
ENCFF672MVA,/experiments/ENCSR344EGD/,0,0,1,1,0,1,1,0,1,1
ENCFF329GEK,/experiments/ENCSR344GAQ/,0,0,0,0,0,0,0,0,0,1
ENCFF752CAA,/experiments/ENCSR344GAQ/,0,0,0,0,0,0,0,0,0,1
ENCFF221USS,/experiments/ENCSR346IHS/,0,1,0,0,0,0,0,0,1,0
ENCFF064TEN,/experiments/ENCSR347MVO/,1,1,1,1,0,0,0,0,0,0
ENCFF083HOA,/experiments/ENCSR349CMI/,0,0,0,0,0,0,0,0,0,0
ENCFF899IIA,/experiments/ENCSR349CMI/,0,0,0,0,0,0,0,0,0,0
ENCFF096AKL,/experiments/ENCSR349KMG/,0,1,0,1,0,0,0,0,0,0
ENCFF155EKG,/experiments/ENCSR349KMG/,0,1,0,1,0,0,0,0,0,0
ENCFF958NRC,/experiments/ENCSR351PVI/,0,0,0,1,0,0,0,0,0,0
ENCFF065END,/experiments/ENCSR351PVI/,0,0,0,1,0,0,0,0,0,0
ENCFF916XEL,/experiments/ENCSR352STY/,0,0,1,0,0,1,0,0,0,0
ENCFF527CYH,/experiments/ENCSR352STY/,0,0,1,0,0,1,0,0,0,0
ENCFF060FDD,/experiments/ENCSR354KAS/,0,0,1,0,0,1,0,0,1,0
ENCFF165FRB,/experiments/ENCSR356GCJ/,1,0,0,0,1,0,1,0,0,0
ENCFF504YTU,/experiments/ENCSR356GCJ/,1,0,0,0,1,0,1,0,0,0
ENCFF258RPS,/experiments/ENCSR356MSW/,0,1,0,0,0,0,0,1,0,0
ENCFF734LCT,/experiments/ENCSR356MSW/,0,1,0,0,0,0,0,1,0,0
ENCFF672HYO,/experiments/ENCSR356ZMO/,0,0,1,0,1,0,0,0,0,0
ENCFF852ECZ,/experiments/ENCSR356ZMO/,0,0,1,0,1,0,0,0,0,0
ENCFF125GZY,/experiments/ENCSR361OCV/,1,0,0,0,0,1,0,0,0,0
ENCFF260EIZ,/experiments/ENCSR361OCV/,1,0,0,0,0,1,0,0,0,0
ENCFF795IGM,/experiments/ENCSR365NVO/,1,0,0,0,0,0,1,0,0,0
ENCFF917GQR,/experiments/ENCSR365NVO/,1,0,0,0,0,0,1,0,0,0
ENCFF950SML,/experiments/ENCSR366DGX/,0,0,0,1,0,0,0,0,0,0
ENCFF503GYR,/experiments/ENCSR366DGX/,0,0,0,1,0,0,0,0,0,0
ENCFF475LRP,/experiments/ENCSR366YOG/,0,0,0,0,1,1,0,0,0,0
ENCFF823SQL,/experiments/ENCSR366YOG/,0,0,0,0,1,1,0,0,0,0
ENCFF560IMA,/experiments/ENCSR367ACZ/,0,0,0,0,0,1,0,0,0,0
ENCFF398WKO,/experiments/ENCSR368GER/,1,0,0,1,1,1,0,0,0,0
ENCFF821SEE,/experiments/ENCSR368GER/,1,0,0,1,1,1,0,0,0,0
ENCFF347ARQ,/experiments/ENCSR373ODC/,0,0,1,0,0,1,1,0,1,0
ENCFF643XEW,/experiments/ENCSR373ODC/,0,0,1,0,0,1,1,0,1,0
ENCFF258APN,/experiments/ENCSR376KLZ/,0,0,0,0,0,0,0,0,0,0
ENCFF143ZYE,/experiments/ENCSR379GZS/,0,0,0,0,0,1,0,0,0,0
ENCFF311FHF,/experiments/ENCSR379GZS/,0,0,0,0,0,1,0,0,0,0
ENCFF826EHK,/experiments/ENCSR381VNR/,0,0,0,0,0,0,0,1,0,0
ENCFF460RIG,/experiments/ENCSR381VNR/,0,0,0,0,0,0,0,1,0,0
ENCFF718JPO,/experiments/ENCSR382QLC/,1,0,0,0,0,0,0,1,0,1
ENCFF824TZM,/experiments/ENCSR384KAN/,0,1,0,0,0,0,0,0,0,0
ENCFF921MMF,/experiments/ENCSR384KAN/,0,1,0,0,0,0,0,0,0,0
ENCFF597QAD,/experiments/ENCSR384MWO/,0,0,0,1,0,0,0,0,1,0
ENCFF366XCA,/experiments/ENCSR384MWO/,0,0,0,1,0,0,0,0,1,0
ENCFF811ZGE,/experiments/ENCSR387OVO/,0,0,0,0,1,0,0,0,0,0
ENCFF939IUP,/experiments/ENCSR387RGT/,1,1,1,0,0,0,1,0,1,0
ENCFF040CHT,/experiments/ENCSR388VKV/,0,0,0,0,0,0,1,0,0,1
ENCFF128HQK,/experiments/ENCSR389ISM/,0,0,0,0,0,1,1,0,0,1
ENCFF497YEF,/experiments/ENCSR391BBA/,0,0,0,0,0,0,0,1,0,0
ENCFF230YKJ,/experiments/ENCSR391BBA/,0,0,0,0,0,0,0,1,0,0
ENCFF094OOZ,/experiments/ENCSR391GLS/,1,0,0,1,0,1,0,0,0,0
ENCFF821KVN,/experiments/ENCSR393STP/,0,0,0,0,1,0,0,0,0,0
ENCFF064SDM,/experiments/ENCSR399CBP/,1,0,0,0,0,1,0,0,0,0
ENCFF855XKN,/experiments/ENCSR404ABA/,0,0,0,0,0,0,0,0,0,0
ENCFF811LOQ,/experiments/ENCSR406OOZ/,1,0,0,0,1,0,0,0,0,0
ENCFF457GXO,/experiments/ENCSR406OOZ/,1,0,0,0,1,0,0,0,0,0
ENCFF155CNX,/experiments/ENCSR407QDZ/,0,0,1,1,0,0,0,0,0,0
ENCFF942VJP,/experiments/ENCSR407QDZ/,0,0,1,1,0,0,0,0,0,0
ENCFF277PAA,/experiments/ENCSR411IMJ/,0,0,0,0,1,1,0,1,0,0
ENCFF169FPF,/experiments/ENCSR412NOW/,0,0,0,0,0,0,0,1,0,0
ENCFF389NRU,/experiments/ENCSR412NOW/,0,0,0,0,0,0,0,1,0,0
ENCFF783GFR,/experiments/ENCSR414RME/,1,0,0,0,0,0,1,1,0,1
ENCFF638CND,/experiments/ENCSR423QXH/,0,0,1,0,0,1,0,0,0,1
ENCFF982ZPQ,/experiments/ENCSR432XUP/,0,1,0,0,0,0,0,0,0,0
ENCFF776RIU,/experiments/ENCSR432XUP/,0,1,0,0,0,0,0,0,0,0
ENCFF056XTI,/experiments/ENCSR435EVK/,0,0,0,0,0,0,0,0,0,0
ENCFF538QCY,/experiments/ENCSR438GZQ/,0,0,0,0,0,0,0,0,0,0
ENCFF014LLF,/experiments/ENCSR438GZQ/,0,0,0,0,0,0,0,0,0,0
ENCFF585YOO,/experiments/ENCSR438KWZ/,1,0,0,0,1,0,0,1,0,0
ENCFF412NAX,/experiments/ENCSR438KWZ/,1,0,0,0,1,0,0,1,0,0
ENCFF585EFC,/experiments/ENCSR438NCK/,0,0,0,1,0,1,0,0,0,0
ENCFF396MHA,/experiments/ENCSR438XYI/,0,0,1,0,0,1,1,0,0,1
ENCFF616FCF,/experiments/ENCSR439GXW/,0,0,1,0,0,0,0,1,0,0
ENCFF908GRB,/experiments/ENCSR440MSY/,0,0,0,0,0,1,0,0,0,0
ENCFF893MRC,/experiments/ENCSR440MSY/,0,0,0,0,0,1,0,0,0,0
ENCFF991YSW,/experiments/ENCSR440SUX/,0,1,1,0,0,0,0,0,0,0
ENCFF365CXY,/experiments/ENCSR440SUX/,0,1,1,0,0,0,0,0,0,0
ENCFF905RDN,/experiments/ENCSR445FZX/,0,1,0,0,1,1,1,0,1,0
ENCFF825NBG,/experiments/ENCSR445LJH/,0,0,0,0,0,0,0,0,0,0
ENCFF530TJP,/experiments/ENCSR448GXJ/,0,0,1,0,0,1,0,1,0,0
ENCFF432GIZ,/experiments/ENCSR448GXJ/,0,0,1,0,0,1,0,1,0,0
ENCFF147POJ,/experiments/ENCSR451BRX/,1,0,0,1,0,0,0,0,0,0
ENCFF595TEO,/experiments/ENCSR451HMR/,0,1,0,1,0,0,0,0,0,0
ENCFF584YFH,/experiments/ENCSR454EER/,0,0,0,0,1,0,1,0,0,1
ENCFF426NRC,/experiments/ENCSR454OFD/,0,0,0,0,0,0,0,0,0,1
ENCFF170KCT,/experiments/ENCSR456ASB/,0,0,0,0,0,0,0,0,0,0
ENCFF425NCO,/experiments/ENCSR456ASB/,0,0,0,0,0,0,0,0,0,0
ENCFF125EJB,/experiments/ENCSR456JJQ/,0,0,0,0,0,0,0,0,0,1
ENCFF827TLD,/experiments/ENCSR456JJQ/,0,0,0,0,0,0,0,0,0,1
ENCFF905YHV,/experiments/ENCSR456KXI/,0,0,0,0,0,0,1,0,0,0
ENCFF803VTZ,/experiments/ENCSR456KXI/,0,0,0,0,0,0,1,0,0,0
ENCFF374BGY,/experiments/ENCSR459ONR/,0,0,0,0,0,0,0,1,0,0
ENCFF210JCS,/experiments/ENCSR461LGW/,1,0,1,1,0,0,0,0,0,0
ENCFF331AAL,/experiments/ENCSR464OSH/,0,0,0,0,1,0,0,0,0,0
ENCFF400CXS,/experiments/ENCSR464OSH/,0,0,0,0,1,0,0,0,0,0
ENCFF789FCB,/experiments/ENCSR468FSW/,0,0,0,0,0,0,0,0,1,0
ENCFF077YYE,/experiments/ENCSR468FSW/,0,0,0,0,0,0,0,0,1,0
ENCFF040BAA,/experiments/ENCSR468ZQA/,0,1,0,0,0,0,0,0,1,1
ENCFF374APS,/experiments/ENCSR479XOI/,0,0,0,0,0,0,0,0,0,0
ENCFF219CZQ,/experiments/ENCSR481MVN/,0,0,0,0,0,0,0,0,1,0
ENCFF341UTP,/experiments/ENCSR481MVN/,0,0,0,0,0,0,0,0,1,0
ENCFF129UTE,/experiments/ENCSR482AWB/,0,0,0,0,1,0,0,1,1,0
ENCFF704DIO,/experiments/ENCSR482ZSE/,0,1,1,0,0,0,1,0,1,0
ENCFF192LYD,/experiments/ENCSR483NOP/,0,1,0,0,0,0,0,0,1,0
ENCFF835QFU,/experiments/ENCSR483NOP/,0,1,0,0,0,0,0,0,1,0
ENCFF484YDH,/experiments/ENCSR484LAB/,1,0,0,0,1,0,1,0,0,0
ENCFF198ESK,/experiments/ENCSR484LAB/,1,0,0,0,1,0,1,0,0,0
ENCFF053VCT,/experiments/ENCSR484LTQ/,0,0,0,0,0,0,0,0,1,0
ENCFF205RFL,/experiments/ENCSR484LTQ/,0,0,0,0,0,0,0,0,1,0
ENCFF287LMI,/experiments/ENCSR485QCG/,0,0,0,0,0,0,0,0,0,0
ENCFF300RFO,/experiments/ENCSR485QCG/,0,0,0,0,0,0,0,0,0,0
ENCFF033PHB,/experiments/ENCSR486QAE/,0,0,1,0,1,0,0,0,0,1
ENCFF442NVV,/experiments/ENCSR486YGP/,1,0,0,0,0,0,1,0,0,1
ENCFF231PRV,/experiments/ENCSR486YGP/,1,0,0,0,0,0,1,0,0,1
ENCFF399ONM,/experiments/ENCSR487EUV/,0,0,0,0,0,0,1,0,0,0
ENCFF117YFR,/experiments/ENCSR488JKQ/,0,0,0,0,0,1,0,0,0,0
ENCFF555EML,/experiments/ENCSR488JKQ/,0,0,0,0,0,1,0,0,0,0
ENCFF068IRI,/experiments/ENCSR489ABS/,0,1,0,1,0,0,0,0,1,0
ENCFF391YUD,/experiments/ENCSR489ABS/,0,1,0,1,0,0,0,0,1,0
ENCFF428EQH,/experiments/ENCSR489RJI/,0,0,0,0,0,0,0,0,0,1
ENCFF203QLK,/experiments/ENCSR489RJI/,0,0,0,0,0,0,0,0,0,1
ENCFF007BPN,/experiments/ENCSR490IEE/,0,0,0,0,0,0,1,0,0,0
ENCFF322VWH,/experiments/ENCSR490IEE/,0,0,0,0,0,0,1,0,0,0
ENCFF744CGY,/experiments/ENCSR494JFR/,0,0,1,0,0,0,1,0,0,0
ENCFF231PYQ,/experiments/ENCSR496UBM/,0,0,1,0,0,1,0,1,0,0
ENCFF412YDY,/experiments/ENCSR497ANA/,0,0,0,1,1,0,0,1,0,0
ENCFF508CMO,/experiments/ENCSR497XZI/,0,1,0,0,0,0,0,0,0,0
ENCFF287XKI,/experiments/ENCSR497XZI/,0,1,0,0,0,0,0,0,0,0
ENCFF924RUW,/experiments/ENCSR498DQS/,0,0,1,0,1,0,0,0,0,0
ENCFF459PMF,/experiments/ENCSR498DQS/,0,0,1,0,1,0,0,0,0,0
ENCFF614VTZ,/experiments/ENCSR499ZCU/,1,1,0,0,0,0,0,1,0,1
ENCFF767CEO,/experiments/ENCSR502NKG/,0,0,0,1,0,1,0,0,0,0
ENCFF526FTD,/experiments/ENCSR506EIW/,0,0,0,0,1,1,0,0,1,0
ENCFF399OEH,/experiments/ENCSR506OTC/,0,0,0,1,0,0,0,0,0,0
ENCFF894RPF,/experiments/ENCSR506OTC/,0,0,0,1,0,0,0,0,0,0
ENCFF179OBF,/experiments/ENCSR506UPY/,0,0,0,0,1,1,0,1,1,0
ENCFF451TDR,/experiments/ENCSR506UPY/,0,0,0,0,1,1,0,1,1,0
ENCFF986GFV,/experiments/ENCSR512EZA/,0,1,0,0,0,0,0,0,0,0
ENCFF729MSV,/experiments/ENCSR513NDD/,0,0,0,0,0,0,0,0,0,0
ENCFF619RHU,/experiments/ENCSR513NDD/,0,0,0,0,0,0,0,0,0,0
ENCFF375ZHC,/experiments/ENCSR513UTE/,0,0,0,1,1,1,1,1,0,0
ENCFF089LNF,/experiments/ENCSR520BZQ/,0,0,0,0,0,0,0,0,0,0
ENCFF384LLO,/experiments/ENCSR520BZQ/,0,0,0,0,0,0,0,0,0,0
ENCFF538WWX,/experiments/ENCSR521GON/,0,1,0,1,0,0,0,0,0,0
ENCFF219AFL,/experiments/ENCSR521GON/,0,1,0,1,0,0,0,0,0,0
ENCFF490GBA,/experiments/ENCSR527DXF/,0,0,1,0,0,0,0,1,0,0
ENCFF441XUV,/experiments/ENCSR527DXF/,0,0,1,0,0,0,0,1,0,0
ENCFF215LAB,/experiments/ENCSR528HOM/,0,1,0,0,1,0,0,0,0,0
ENCFF631SCU,/experiments/ENCSR529FKI/,0,0,0,0,0,0,0,0,0,0
ENCFF655OVT,/experiments/ENCSR529FKI/,0,0,0,0,0,0,0,0,0,0
ENCFF238BOS,/experiments/ENCSR529GSJ/,0,0,0,0,0,0,0,0,0,0
ENCFF116KYR,/experiments/ENCSR529GSJ/,0,0,0,0,0,0,0,0,0,0
ENCFF776TRJ,/experiments/ENCSR532VUB/,0,0,0,1,0,0,0,0,0,0
ENCFF975ABT,/experiments/ENCSR532VUB/,0,0,0,1,0,0,0,0,0,0
ENCFF732JDY,/experiments/ENCSR533BNK/,0,0,0,0,0,0,1,0,0,0
ENCFF378HIP,/experiments/ENCSR534YOI/,0,0,0,0,0,0,0,0,1,0
ENCFF792GSE,/experiments/ENCSR534YOI/,0,0,0,0,0,0,0,0,1,0
ENCFF022DHH,/experiments/ENCSR539BEV/,0,0,1,0,0,0,0,1,0,1
ENCFF881UQQ,/experiments/ENCSR539BEV/,0,0,1,0,0,0,0,1,0,1
ENCFF815JMM,/experiments/ENCSR539ZTS/,0,0,0,0,0,1,0,0,1,0
ENCFF108KYH,/experiments/ENCSR539ZTS/,0,0,0,0,0,1,0,0,1,0
ENCFF115KCI,/experiments/ENCSR541QHS/,1,0,0,0,0,1,0,0,0,0
ENCFF670TPZ,/experiments/ENCSR541QHS/,1,0,0,0,0,1,0,0,0,0
ENCFF208VFO,/experiments/ENCSR543TPH/,0,0,1,0,0,0,1,0,1,0
ENCFF139PUX,/experiments/ENCSR543TPH/,0,0,1,0,0,0,1,0,1,0
ENCFF976JEU,/experiments/ENCSR544CTM/,0,1,1,0,0,0,1,0,1,0
ENCFF208EFX,/experiments/ENCSR544UON/,0,0,1,0,0,0,0,0,1,0
ENCFF676OKA,/experiments/ENCSR545KBT/,1,0,0,1,0,0,0,0,0,0
ENCFF021FRQ,/experiments/ENCSR545KBT/,1,0,0,1,0,0,0,0,0,0
ENCFF806NSC,/experiments/ENCSR546JKS/,0,0,0,0,0,0,0,0,0,0
ENCFF718XYW,/experiments/ENCSR546JKS/,0,0,0,0,0,0,0,0,0,0
ENCFF035QUK,/experiments/ENCSR550DVK/,0,0,0,0,0,0,0,1,0,0
ENCFF584MZO,/experiments/ENCSR550DVK/,0,0,0,0,0,0,0,1,0,0
ENCFF741GZP,/experiments/ENCSR550SGC/,0,0,0,0,0,0,0,0,0,1
ENCFF491YJX,/experiments/ENCSR554UVB/,0,0,0,0,0,0,1,0,0,1
ENCFF348IRX,/experiments/ENCSR554UVB/,0,0,0,0,0,0,1,0,0,1
ENCFF920MUN,/experiments/ENCSR561QXJ/,1,0,0,0,0,0,0,0,0,0
ENCFF207BBK,/experiments/ENCSR561QXJ/,1,0,0,0,0,0,0,0,0,0
ENCFF608BOA,/experiments/ENCSR562BJW/,0,0,1,1,1,0,1,1,0,0
ENCFF797NFN,/experiments/ENCSR565DGW/,0,0,0,0,0,0,0,0,1,0
ENCFF831CXB,/experiments/ENCSR565DGW/,0,0,0,0,0,0,0,0,1,0
ENCFF998PYJ,/experiments/ENCSR565KBR/,1,0,0,1,0,0,1,0,0,1
ENCFF350PIG,/experiments/ENCSR567ZND/,0,0,0,0,1,1,0,1,1,0
ENCFF798VKV,/experiments/ENCSR568DZW/,1,0,0,0,0,0,0,0,0,1
ENCFF646IFT,/experiments/ENCSR568DZW/,1,0,0,0,0,0,0,0,0,1
ENCFF444DES,/experiments/ENCSR570WLM/,0,0,0,0,0,0,0,0,0,1
ENCFF540VOG,/experiments/ENCSR570WLM/,0,0,0,0,0,0,0,0,0,1
ENCFF464GUK,/experiments/ENCSR571ROL/,0,0,0,0,0,1,0,0,0,0
ENCFF202EFD,/experiments/ENCSR571ROL/,0,0,0,0,0,1,0,0,0,0
ENCFF658VCP,/experiments/ENCSR571VHI/,0,0,1,0,0,0,0,0,0,0
ENCFF621CZT,/experiments/ENCSR571VHI/,0,0,1,0,0,0,0,0,0,0
ENCFF679NRW,/experiments/ENCSR575DKE/,1,1,0,0,0,1,1,0,0,0
ENCFF196YUL,/experiments/ENCSR576SHT/,0,0,0,0,0,0,0,0,0,1
ENCFF450GCJ,/experiments/ENCSR576SHT/,0,0,0,0,0,0,0,0,0,1
ENCFF300RXV,/experiments/ENCSR580MFX/,0,0,1,0,0,0,0,0,1,0
ENCFF956CPQ,/experiments/ENCSR580MFX/,0,0,1,0,0,0,0,0,1,0
ENCFF171KZO,/experiments/ENCSR580OFI/,0,0,0,1,0,0,0,0,0,0
ENCFF987DVU,/experiments/ENCSR580OFI/,0,0,0,1,0,0,0,0,0,0
ENCFF161GQY,/experiments/ENCSR583KVR/,0,0,1,0,1,0,0,0,1,0
ENCFF734UEC,/experiments/ENCSR584TCR/,0,0,0,0,0,1,0,0,1,0
ENCFF661TYX,/experiments/ENCSR584TCR/,0,0,0,0,0,1,0,0,1,0
ENCFF158RDM,/experiments/ENCSR585TQT/,1,0,0,1,1,1,0,0,1,1
ENCFF737XQX,/experiments/ENCSR586DGV/,0,0,0,0,0,0,0,1,1,0
ENCFF642EHH,/experiments/ENCSR586DGV/,0,0,0,0,0,0,0,1,1,0
ENCFF538MPL,/experiments/ENCSR589YHM/,0,1,0,0,1,0,0,0,0,0
ENCFF325PJW,/experiments/ENCSR589YHM/,0,1,0,0,1,0,0,0,0,0
ENCFF052EKD,/experiments/ENCSR592ESN/,0,0,1,0,0,1,0,0,1,0
ENCFF626LUV,/experiments/ENCSR594RFP/,0,1,0,1,0,0,0,0,0,0
ENCFF489IRY,/experiments/ENCSR595PFU/,0,0,1,0,1,0,0,0,0,0
ENCFF335LFP,/experiments/ENCSR599YGK/,0,0,0,0,1,1,0,1,0,0
ENCFF053NWA,/experiments/ENCSR606BPV/,0,0,0,0,1,0,0,0,0,0
ENCFF761MCX,/experiments/ENCSR606BPV/,0,0,0,0,1,0,0,0,0,0
ENCFF962DLT,/experiments/ENCSR614VYQ/,0,1,1,0,0,1,1,0,0,0
ENCFF620NEF,/experiments/ENCSR615AAW/,1,0,0,0,0,0,1,0,0,0
ENCFF369AIZ,/experiments/ENCSR615ZYL/,0,1,0,1,1,0,0,0,0,1
ENCFF389CTP,/experiments/ENCSR616BTD/,0,0,0,0,0,0,0,0,1,0
ENCFF456RUG,/experiments/ENCSR619LRH/,1,0,1,1,0,0,1,0,0,0
ENCFF057LEI,/experiments/ENCSR619RLC/,0,1,0,0,1,0,0,1,0,0
ENCFF181GFC,/experiments/ENCSR623VEQ/,0,1,0,1,0,0,0,0,0,0
ENCFF482SRR,/experiments/ENCSR623VEQ/,0,1,0,1,0,0,0,0,0,0
ENCFF356RSL,/experiments/ENCSR624CUX/,0,1,0,0,0,0,0,0,0,1
ENCFF651RTO,/experiments/ENCSR628IDK/,0,0,0,0,0,1,0,0,0,0
ENCFF289UZZ,/experiments/ENCSR628IDK/,0,0,0,0,0,1,0,0,0,0
ENCFF611KBN,/experiments/ENCSR629MQN/,0,0,0,1,0,0,0,0,0,0
ENCFF981COP,/experiments/ENCSR631CJA/,0,0,0,1,0,0,0,0,1,0
ENCFF418BKS,/experiments/ENCSR631HUN/,0,0,0,0,0,0,1,0,1,0
ENCFF375INH,/experiments/ENCSR631HUN/,0,0,0,0,0,0,1,0,1,0
ENCFF919UCQ,/experiments/ENCSR634MFO/,0,0,0,0,1,0,0,0,0,0
ENCFF046KYE,/experiments/ENCSR634MFO/,0,0,0,0,1,0,0,0,0,0
ENCFF015RNL,/experiments/ENCSR638YHN/,0,0,1,1,1,0,0,0,0,0
ENCFF838LHV,/experiments/ENCSR641PRC/,0,0,0,1,0,0,0,0,0,0
ENCFF300XRU,/experiments/ENCSR643JMB/,1,0,0,0,0,1,0,0,0,0
ENCFF776RIX,/experiments/ENCSR647CLF/,0,0,0,0,0,0,0,0,0,0
ENCFF357GNY,/experiments/ENCSR647CLF/,0,0,0,0,0,0,0,0,0,0
ENCFF992EIC,/experiments/ENCSR647HOX/,0,0,1,0,0,0,0,0,0,0
ENCFF255ZCV,/experiments/ENCSR647HOX/,0,0,1,0,0,0,0,0,0,0
ENCFF484KWX,/experiments/ENCSR648LAH/,0,0,0,1,0,0,0,0,0,0
ENCFF524KUN,/experiments/ENCSR648LAH/,0,0,0,1,0,0,0,0,0,0
ENCFF013DLR,/experiments/ENCSR651NUF/,1,1,0,1,1,1,0,0,0,0
ENCFF868SVO,/experiments/ENCSR653CNZ/,1,0,0,0,0,0,0,0,0,0
ENCFF541YAM,/experiments/ENCSR653HQC/,0,0,0,0,0,0,0,0,0,1
ENCFF073ILV,/experiments/ENCSR653HQC/,0,0,0,0,0,0,0,0,0,1
ENCFF996LKZ,/experiments/ENCSR655BRZ/,0,0,1,0,0,0,1,0,1,0
ENCFF008SMT,/experiments/ENCSR655NZA/,0,0,1,0,0,0,0,0,0,0
ENCFF470XOZ,/experiments/ENCSR655NZA/,0,0,1,0,0,0,0,0,0,0
ENCFF032DOJ,/experiments/ENCSR657TZB/,0,0,0,0,0,0,0,0,0,0
ENCFF963JOW,/experiments/ENCSR657TZB/,0,0,0,0,0,0,0,0,0,0
ENCFF529AAI,/experiments/ENCSR657TZZ/,0,0,0,0,0,0,1,0,0,1
ENCFF890BOX,/experiments/ENCSR657TZZ/,0,0,0,0,0,0,1,0,0,1
ENCFF317RZD,/experiments/ENCSR658IQB/,0,1,0,0,0,0,0,1,0,0
ENCFF909OTT,/experiments/ENCSR658IQB/,0,1,0,0,0,0,0,1,0,0
ENCFF740PDL,/experiments/ENCSR660DRN/,0,0,0,0,0,1,0,0,0,1
ENCFF176ITD,/experiments/ENCSR660DRN/,0,0,0,0,0,1,0,0,0,1
ENCFF035HRR,/experiments/ENCSR660VTT/,0,0,0,0,0,1,1,0,1,1
ENCFF041KJT,/experiments/ENCSR661ICQ/,0,0,0,0,0,0,0,0,0,0
ENCFF956TOZ,/experiments/ENCSR661ICQ/,0,0,0,0,0,0,0,0,0,0
ENCFF435TFT,/experiments/ENCSR663NRA/,0,0,0,0,0,1,0,1,0,0
ENCFF955OGW,/experiments/ENCSR663NRA/,0,0,0,0,0,1,0,1,0,0
ENCFF545BFR,/experiments/ENCSR663WES/,0,0,0,0,0,1,0,0,0,0
ENCFF318ADU,/experiments/ENCSR663WES/,0,0,0,0,0,1,0,0,0,0
ENCFF427GWM,/experiments/ENCSR668MJX/,0,0,1,0,0,0,0,0,0,0
ENCFF948LDL,/experiments/ENCSR668MJX/,0,0,1,0,0,0,0,0,0,0
ENCFF223QBU,/experiments/ENCSR669DKA/,0,1,0,0,0,0,0,0,0,0
ENCFF995SCZ,/experiments/ENCSR670UPZ/,1,0,0,1,0,0,0,0,0,0
ENCFF189FJO,/experiments/ENCSR671FKF/,0,0,0,0,0,0,0,1,0,1
ENCFF246ZNB,/experiments/ENCSR679NKE/,0,1,0,0,0,0,0,0,0,1
ENCFF830PVF,/experiments/ENCSR680HYD/,0,1,0,0,0,0,0,0,1,0
ENCFF348GPW,/experiments/ENCSR685AUR/,0,0,0,1,0,0,0,0,0,0
ENCFF160MKE,/experiments/ENCSR685AUR/,0,0,0,1,0,0,0,0,0,0
ENCFF228JKT,/experiments/ENCSR687GJH/,0,0,0,0,0,0,0,0,1,0
ENCFF314GJB,/experiments/ENCSR687HHB/,0,0,1,0,0,0,1,1,0,1
ENCFF603RJN,/experiments/ENCSR693JWP/,0,0,0,0,0,0,0,0,0,0
ENCFF383ASP,/experiments/ENCSR693JWP/,0,0,0,0,0,0,0,0,0,0
ENCFF622OZH,/experiments/ENCSR693JWP/,0,0,0,0,0,0,0,0,0,0
ENCFF578XQC,/experiments/ENCSR693JWP/,0,0,0,0,0,0,0,0,0,0
ENCFF173ODI,/experiments/ENCSR693JWP/,0,0,0,0,0,0,0,0,0,0
ENCFF159ZFD,/experiments/ENCSR696PRX/,1,1,0,0,0,0,0,0,1,1
ENCFF706KON,/experiments/ENCSR700UGT/,1,0,0,0,0,0,0,0,0,0
ENCFF644ZWQ,/experiments/ENCSR701KRV/,0,0,0,1,0,0,0,0,1,0
ENCFF614IWF,/experiments/ENCSR701KRV/,0,0,0,1,0,0,0,0,1,0
ENCFF278UYQ,/experiments/ENCSR701QEP/,0,0,0,0,0,0,0,0,1,0
ENCFF648UKF,/experiments/ENCSR704LTK/,0,1,0,1,0,0,1,1,0,0
ENCFF272ZVR,/experiments/ENCSR705DCQ/,0,0,0,0,0,0,1,1,0,0
ENCFF832HQP,/experiments/ENCSR708TCY/,0,0,1,0,0,0,0,0,0,0
ENCFF847HXV,/experiments/ENCSR709ABG/,1,0,0,0,0,0,1,0,0,0
ENCFF735ZUW,/experiments/ENCSR712IAG/,1,0,0,1,0,0,0,0,0,0
ENCFF696WFR,/experiments/ENCSR712IAG/,1,0,0,1,0,0,0,0,0,0
ENCFF862RKC,/experiments/ENCSR716AKC/,0,0,0,0,0,0,0,1,1,1
ENCFF472ZEH,/experiments/ENCSR716DGM/,0,1,0,0,0,0,0,0,1,1
ENCFF673VEJ,/experiments/ENCSR720BJU/,0,1,0,0,0,0,0,0,0,0
ENCFF679SNJ,/experiments/ENCSR720BJU/,0,1,0,0,0,0,0,0,0,0
ENCFF110DXI,/experiments/ENCSR720EEM/,0,0,0,0,0,0,0,0,0,1
ENCFF706SRG,/experiments/ENCSR720EEM/,0,0,0,0,0,0,0,0,0,1
ENCFF486NTL,/experiments/ENCSR721HPX/,0,0,0,0,0,0,0,0,0,0
ENCFF557CZU,/experiments/ENCSR721HPX/,0,0,0,0,0,0,0,0,0,0
ENCFF274FAE,/experiments/ENCSR722KGI/,1,1,0,0,1,0,0,0,0,1
ENCFF271URZ,/experiments/ENCSR722LZB/,0,1,0,1,1,1,0,0,0,0
ENCFF761PZC,/experiments/ENCSR724RDN/,1,1,0,0,0,0,0,0,0,0
ENCFF242YTA,/experiments/ENCSR724RDN/,1,1,0,0,0,0,0,0,0,0
ENCFF505DQW,/experiments/ENCSR725ARB/,1,0,0,0,0,1,0,0,0,0
ENCFF290RMT,/experiments/ENCSR725ARB/,1,0,0,0,0,1,0,0,0,0
ENCFF037SFC,/experiments/ENCSR734ZHL/,0,0,0,0,0,0,1,1,0,0
ENCFF901ESA,/experiments/ENCSR734ZHL/,0,0,0,0,0,0,1,1,0,0
ENCFF428UJW,/experiments/ENCSR735HOK/,0,0,0,0,0,0,0,1,1,0
ENCFF070GQY,/experiments/ENCSR735HOK/,0,0,0,0,0,0,0,1,1,0
ENCFF495FSA,/experiments/ENCSR735MBZ/,0,1,0,1,0,0,0,0,0,0
ENCFF044HRW,/experiments/ENCSR736AAG/,1,0,0,0,0,1,0,0,0,0
ENCFF372THP,/experiments/ENCSR736AAG/,1,0,0,0,0,1,0,0,0,0
ENCFF818MIM,/experiments/ENCSR736LKF/,1,0,1,0,0,1,0,1,0,1
ENCFF713YLQ,/experiments/ENCSR739VVT/,0,0,0,0,0,0,0,0,0,0
ENCFF285GQG,/experiments/ENCSR739VVT/,0,0,0,0,0,0,0,0,0,0
ENCFF023SPX,/experiments/ENCSR739VVT/,0,0,0,0,0,0,0,0,0,0
ENCFF315VJK,/experiments/ENCSR739VVT/,0,0,0,0,0,0,0,0,0,0
ENCFF260KKZ,/experiments/ENCSR739VVT/,0,0,0,0,0,0,0,0,0,0
ENCFF437VOG,/experiments/ENCSR744GEU/,1,0,0,0,0,1,1,0,1,0
ENCFF943QCL,/experiments/ENCSR744GEU/,1,0,0,0,0,1,1,0,1,0
ENCFF457ZQN,/experiments/ENCSR745BIL/,1,0,0,0,0,0,0,1,0,0
ENCFF439RMU,/experiments/ENCSR746ZSV/,0,0,0,0,1,0,0,0,0,0
ENCFF832UNJ,/experiments/ENCSR750NTM/,0,0,0,0,0,0,0,0,1,0
ENCFF139SOX,/experiments/ENCSR750YOM/,0,0,0,1,0,0,0,0,0,0
ENCFF306CFO,/experiments/ENCSR750YOM/,0,0,0,1,0,0,0,0,0,0
ENCFF434XME,/experiments/ENCSR751CSY/,1,1,0,0,0,0,0,1,1,0
ENCFF997VKX,/experiments/ENCSR752YLF/,0,0,1,0,1,0,0,1,0,0
ENCFF923FKJ,/experiments/ENCSR754NDA/,0,0,0,0,0,0,1,0,0,0
ENCFF060IFR,/experiments/ENCSR754NDA/,0,0,0,0,0,0,1,0,0,0
ENCFF576RGH,/experiments/ENCSR755PSW/,0,0,0,0,0,0,0,0,0,0
ENCFF007BKB,/experiments/ENCSR755TJC/,1,0,1,0,0,0,0,0,0,0
ENCFF956VZN,/experiments/ENCSR755TJC/,1,0,1,0,0,0,0,0,0,0
ENCFF163QEA,/experiments/ENCSR756CKJ/,0,0,0,0,0,0,0,0,0,1
ENCFF930TLO,/experiments/ENCSR756CKJ/,0,0,0,0,0,0,0,0,0,1
ENCFF183PTD,/experiments/ENCSR756NPZ/,1,0,1,1,1,0,1,0,0,0
ENCFF495ZOZ,/experiments/ENCSR760SFB/,0,0,0,1,0,1,0,0,0,0
ENCFF539DGJ,/experiments/ENCSR761AJD/,0,0,0,0,1,1,0,0,0,1
ENCFF574FKW,/experiments/ENCSR766FAC/,0,0,0,0,0,0,0,0,0,1
ENCFF850KGS,/experiments/ENCSR766FAC/,0,0,0,0,0,0,0,0,0,1
ENCFF232ODO,/experiments/ENCSR767OEY/,0,0,0,0,0,0,0,0,0,0
ENCFF581HLQ,/experiments/ENCSR767OEY/,0,0,0,0,0,0,0,0,0,0
ENCFF068NOP,/experiments/ENCSR769UEW/,1,0,0,0,0,1,1,0,0,0
ENCFF997GSC,/experiments/ENCSR769UEW/,1,0,0,0,0,1,1,0,0,0
ENCFF912JVC,/experiments/ENCSR773KRC/,0,0,1,0,0,0,1,1,0,0
ENCFF038QQM,/experiments/ENCSR773KRC/,0,0,1,0,0,0,1,1,0,0
ENCFF191BRO,/experiments/ENCSR774RFN/,0,0,0,0,0,0,1,1,0,0
ENCFF004KTT,/experiments/ENCSR774RFN/,0,0,0,0,0,0,1,1,0,0
ENCFF273WXJ,/experiments/ENCSR775UPS/,0,0,0,1,1,1,1,0,1,1
ENCFF908SIL,/experiments/ENCSR777PDA/,0,0,0,1,0,0,1,0,0,0
ENCFF687BMD,/experiments/ENCSR785VKF/,1,0,0,1,0,0,0,0,0,0
ENCFF479BNC,/experiments/ENCSR786TSC/,0,0,1,0,0,0,0,0,0,0
ENCFF568MYZ,/experiments/ENCSR786TSC/,0,0,1,0,0,0,0,0,0,0
ENCFF810VLQ,/experiments/ENCSR790SPV/,0,1,1,0,0,1,1,0,0,0
ENCFF217VLB,/experiments/ENCSR790SPV/,0,1,1,0,0,1,1,0,0,0
ENCFF490VFL,/experiments/ENCSR795CAI/,0,1,1,0,0,0,0,0,0,0
ENCFF868IOA,/experiments/ENCSR795CAI/,0,1,1,0,0,0,0,0,0,0
ENCFF264UQQ,/experiments/ENCSR799EKA/,0,1,1,1,1,0,0,0,1,0
ENCFF610KTQ,/experiments/ENCSR800LOQ/,0,1,1,1,0,0,0,0,0,1
ENCFF365UUW,/experiments/ENCSR805SRN/,0,0,0,0,0,0,0,1,0,0
ENCFF362EMN,/experiments/ENCSR805SRN/,0,0,0,0,0,0,0,1,0,0
ENCFF161YHF,/experiments/ENCSR811FFO/,0,0,0,1,0,0,0,0,0,0
ENCFF661RIY,/experiments/ENCSR812PBU/,0,1,0,0,0,0,0,0,0,0
ENCFF376EVA,/experiments/ENCSR815VVI/,1,0,0,0,0,0,0,0,0,0
ENCFF359LZO,/experiments/ENCSR815VVI/,1,0,0,0,0,0,0,0,0,0
ENCFF283GNU,/experiments/ENCSR816NVJ/,0,0,0,1,0,0,0,0,1,0
ENCFF913RUT,/experiments/ENCSR816TOM/,0,0,0,1,0,0,0,0,1,0
ENCFF146CPZ,/experiments/ENCSR816TOM/,0,0,0,1,0,0,0,0,1,0
ENCFF268XIQ,/experiments/ENCSR819XBT/,1,0,0,0,0,0,0,0,1,0
ENCFF057BVQ,/experiments/ENCSR819XBT/,1,0,0,0,0,0,0,0,1,0
ENCFF241ABH,/experiments/ENCSR820DQJ/,0,1,0,0,0,0,1,1,0,1
ENCFF483TJU,/experiments/ENCSR820DQJ/,0,1,0,0,0,0,1,1,0,1
ENCFF864EZE,/experiments/ENCSR820GBM/,0,0,0,0,1,1,1,0,0,1
ENCFF009PZB,/experiments/ENCSR820UYE/,0,0,0,0,0,0,0,0,0,1
ENCFF937NJC,/experiments/ENCSR820UYE/,0,0,0,0,0,0,0,0,0,1
ENCFF865UYY,/experiments/ENCSR820WHR/,0,0,0,0,0,0,0,0,0,0
ENCFF497VHY,/experiments/ENCSR820WHR/,0,0,0,0,0,0,0,0,0,0
ENCFF543IYX,/experiments/ENCSR821ESG/,0,1,0,0,0,0,1,1,0,0
ENCFF992TBP,/experiments/ENCSR821VMD/,0,0,0,0,0,1,0,0,0,0
ENCFF693OCX,/experiments/ENCSR825FTY/,1,1,0,0,1,0,0,0,0,0
ENCFF361UNP,/experiments/ENCSR825FZL/,0,0,0,0,0,0,0,0,0,0
ENCFF505WTD,/experiments/ENCSR825SVO/,0,0,0,0,0,1,0,0,0,0
ENCFF315MYF,/experiments/ENCSR825SVO/,0,0,0,0,0,1,0,0,0,0
ENCFF238HQO,/experiments/ENCSR828ALT/,0,1,0,0,0,0,0,0,0,0
ENCFF218BZO,/experiments/ENCSR828MEJ/,0,0,0,1,0,0,0,1,1,0
ENCFF018AVT,/experiments/ENCSR828NSY/,0,1,0,0,0,0,0,0,0,0
ENCFF118YMC,/experiments/ENCSR828ZID/,0,0,0,0,1,1,0,0,1,0
ENCFF016HQT,/experiments/ENCSR828ZID/,0,0,0,0,1,1,0,0,1,0
ENCFF487SZW,/experiments/ENCSR829SLO/,0,0,1,0,1,0,0,1,0,0
ENCFF793PYD,/experiments/ENCSR830BSQ/,0,1,1,0,0,0,0,0,0,0
ENCFF363NIE,/experiments/ENCSR830BSQ/,0,1,1,0,0,0,0,0,0,0
ENCFF418PCV,/experiments/ENCSR831WYG/,0,0,0,0,0,1,1,0,0,1
ENCFF475RBN,/experiments/ENCSR832DWW/,0,0,0,0,0,0,0,0,0,0
ENCFF744PVS,/experiments/ENCSR834YLD/,0,0,0,0,0,0,0,0,1,0
ENCFF484RCY,/experiments/ENCSR834YLD/,0,0,0,0,0,0,0,0,1,0
ENCFF305DED,/experiments/ENCSR835ZOK/,1,0,0,0,0,0,0,1,0,1
ENCFF869DFG,/experiments/ENCSR839KAX/,0,0,0,0,1,1,0,0,1,0
ENCFF305FQD,/experiments/ENCSR840DRD/,0,0,1,1,0,0,0,1,0,0
ENCFF480LCY,/experiments/ENCSR840DRD/,0,0,1,1,0,0,0,1,0,0
ENCFF185GGV,/experiments/ENCSR841EQA/,0,0,0,0,0,0,0,0,0,0
ENCFF456KCB,/experiments/ENCSR841EQA/,0,0,0,0,0,0,0,0,0,0
ENCFF701RMR,/experiments/ENCSR844RVX/,1,0,0,0,0,0,0,0,0,1
ENCFF073SAE,/experiments/ENCSR844RVX/,1,0,0,0,0,0,0,0,0,1
ENCFF669BXQ,/experiments/ENCSR845VGB/,0,0,0,0,0,0,0,1,0,0
ENCFF341WEI,/experiments/ENCSR845VGB/,0,0,0,0,0,0,0,1,0,0
ENCFF075JTX,/experiments/ENCSR856KEU/,0,1,0,0,1,0,0,1,0,0
ENCFF588ZBP,/experiments/ENCSR856KEU/,0,1,0,0,1,0,0,1,0,0
ENCFF022GWO,/experiments/ENCSR857ORY/,1,0,0,0,0,0,1,0,1,0
ENCFF337AFM,/experiments/ENCSR859PUB/,0,0,1,0,0,1,1,1,0,1
ENCFF916HAS,/experiments/ENCSR861GYE/,0,0,1,0,1,0,0,0,0,0
ENCFF794YIP,/experiments/ENCSR861GYE/,0,0,1,0,1,0,0,0,0,0
ENCFF109GPL,/experiments/ENCSR861PAR/,0,0,0,0,1,0,0,1,0,0
ENCFF724ERL,/experiments/ENCSR861PAR/,0,0,0,0,1,0,0,1,0,0
ENCFF818OSI,/experiments/ENCSR862QCH/,0,1,1,1,0,0,0,0,0,0
ENCFF936MBM,/experiments/ENCSR862QCH/,0,1,1,1,0,0,0,0,0,0
ENCFF476ASR,/experiments/ENCSR863ZGZ/,0,0,0,0,0,0,0,0,0,0
ENCFF947YWJ,/experiments/ENCSR864XNB/,0,0,0,1,0,0,0,0,0,0
ENCFF217PBP,/experiments/ENCSR867DSZ/,0,0,0,0,0,0,0,0,0,0
ENCFF741BIN,/experiments/ENCSR867DSZ/,0,0,0,0,0,0,0,0,0,0
ENCFF498FKK,/experiments/ENCSR867ZVK/,1,0,0,0,1,0,0,0,0,0
ENCFF010GZO,/experiments/ENCSR867ZVK/,1,0,0,0,1,0,0,0,0,0
ENCFF339KXC,/experiments/ENCSR869TOB/,1,0,1,0,1,0,0,0,1,1
ENCFF325JZX,/experiments/ENCSR871RTL/,0,0,1,0,0,0,1,0,0,0
ENCFF033JHH,/experiments/ENCSR876EYA/,0,1,0,0,0,0,0,0,0,1
ENCFF463HOI,/experiments/ENCSR876EYA/,0,1,0,0,0,0,0,0,0,1
ENCFF826QWS,/experiments/ENCSR878HWU/,0,0,0,0,0,0,1,0,0,0
ENCFF431WVH,/experiments/ENCSR881RJL/,1,0,0,0,0,0,0,1,0,0
ENCFF772NLB,/experiments/ENCSR886YYD/,0,1,0,0,0,0,0,1,0,0
ENCFF225HCD,/experiments/ENCSR887FHF/,1,1,0,0,0,0,0,0,0,0
ENCFF724UQB,/experiments/ENCSR887FHF/,1,1,0,0,0,0,0,0,0,0
ENCFF921GQG,/experiments/ENCSR887LPK/,0,0,0,0,0,0,1,0,0,0
ENCFF797UGN,/experiments/ENCSR887LPK/,0,0,0,0,0,0,1,0,0,0
ENCFF984MPJ,/experiments/ENCSR888YTT/,0,0,0,0,0,0,0,0,0,0
ENCFF109RNC,/experiments/ENCSR888YTT/,0,0,0,0,0,0,0,0,0,0
ENCFF658FIC,/experiments/ENCSR891RIC/,0,0,0,0,0,0,0,0,1,0
ENCFF742IAV,/experiments/ENCSR891RIC/,0,0,0,0,0,0,0,0,1,0
ENCFF024VZT,/experiments/ENCSR893EFU/,0,0,0,0,0,0,1,0,1,0
ENCFF259KOV,/experiments/ENCSR893EFU/,0,0,0,0,0,0,1,0,1,0
ENCFF451BKG,/experiments/ENCSR893NWB/,0,0,0,0,0,0,0,0,0,0
ENCFF500BLJ,/experiments/ENCSR893NWB/,0,0,0,0,0,0,0,0,0,0
ENCFF567UMG,/experiments/ENCSR893RAV/,0,0,0,0,0,0,0,1,1,0
ENCFF270BLT,/experiments/ENCSR893RAV/,0,0,0,0,0,0,0,1,1,0
ENCFF126HSC,/experiments/ENCSR895TTM/,1,0,0,0,0,0,0,0,0,0
ENCFF895XZY,/experiments/ENCSR898ZCL/,1,0,1,0,0,0,1,0,1,0
ENCFF956TUZ,/experiments/ENCSR902XTJ/,0,0,0,0,0,0,0,1,0,1
ENCFF096YYD,/experiments/ENCSR903PRV/,0,0,0,0,0,0,0,0,0,0
ENCFF099LFN,/experiments/ENCSR903PRV/,0,0,0,0,0,0,0,0,0,0
ENCFF233ZOI,/experiments/ENCSR903PRV/,0,0,0,0,0,0,0,0,0,0
ENCFF580QMH,/experiments/ENCSR903PRV/,0,0,0,0,0,0,0,0,0,0
ENCFF214SLR,/experiments/ENCSR903PRV/,0,0,0,0,0,0,0,0,0,0
ENCFF646DAJ,/experiments/ENCSR906ZJF/,0,0,0,0,0,1,1,0,0,0
ENCFF012LSN,/experiments/ENCSR906ZJF/,0,0,0,0,0,1,1,0,0,0
ENCFF483ETG,/experiments/ENCSR907EBB/,0,0,0,1,0,1,0,0,0,0
ENCFF824KNR,/experiments/ENCSR907GUB/,1,0,0,0,0,0,0,0,0,0
ENCFF058CEF,/experiments/ENCSR907GUB/,1,0,0,0,0,0,0,0,0,0
ENCFF725ITK,/experiments/ENCSR910LAN/,1,0,1,0,1,1,0,0,0,0
ENCFF263CCY,/experiments/ENCSR911RWF/,0,0,0,0,1,0,0,0,0,1
ENCFF977OER,/experiments/ENCSR911RWF/,0,0,0,0,1,0,0,0,0,1
ENCFF669MVS,/experiments/ENCSR916SRV/,0,0,0,1,0,0,0,0,0,0
ENCFF085PRU,/experiments/ENCSR916SRV/,0,0,0,1,0,0,0,0,0,0
ENCFF834HXI,/experiments/ENCSR916XIV/,0,1,0,0,0,1,0,0,0,0
ENCFF408PDH,/experiments/ENCSR916XIV/,0,1,0,0,0,1,0,0,0,0
ENCFF762UXF,/experiments/ENCSR919HSE/,0,1,0,0,0,0,0,1,0,1
ENCFF860GJP,/experiments/ENCSR919HSE/,0,1,0,0,0,0,0,1,0,1
ENCFF184DBI,/experiments/ENCSR921SHJ/,0,0,0,0,1,0,0,1,1,0
ENCFF172XZS,/experiments/ENCSR921SXC/,0,1,0,0,0,0,0,0,0,1
ENCFF039NQM,/experiments/ENCSR921SXC/,0,1,0,0,0,0,0,0,0,1
ENCFF010ECT,/experiments/ENCSR922WJV/,0,0,0,0,1,0,1,0,0,0
ENCFF754BZY,/experiments/ENCSR922WJV/,0,0,0,0,1,0,1,0,0,0
ENCFF782ZSQ,/experiments/ENCSR923NKN/,0,0,0,0,0,1,0,0,0,0
ENCFF992HTJ,/experiments/ENCSR923NKN/,0,0,0,0,0,1,0,0,0,0
ENCFF558NTZ,/experiments/ENCSR924OLO/,0,1,1,0,0,0,0,0,1,0
ENCFF017BEN,/experiments/ENCSR925TYQ/,1,0,0,0,1,0,0,0,0,1
ENCFF467KQF,/experiments/ENCSR925ZRV/,0,0,1,0,1,0,0,0,0,1
ENCFF803XPM,/experiments/ENCSR927XDB/,0,0,0,0,1,1,0,0,0,0
ENCFF151JUK,/experiments/ENCSR930BZL/,0,1,0,0,1,0,1,0,0,0
ENCFF943MML,/experiments/ENCSR930BZL/,0,1,0,0,1,0,1,0,0,0
ENCFF904EOE,/experiments/ENCSR937QWU/,0,0,0,0,0,0,0,0,0,0
ENCFF795YNY,/experiments/ENCSR937QWU/,0,0,0,0,0,0,0,0,0,0
ENCFF101IFB,/experiments/ENCSR937RSF/,0,0,0,0,0,0,0,0,0,0
ENCFF136QXT,/experiments/ENCSR937RSF/,0,0,0,0,0,0,0,0,0,0
ENCFF036XAD,/experiments/ENCSR941GJG/,1,0,0,0,1,0,1,0,1,1
ENCFF820EYG,/experiments/ENCSR943MHU/,1,0,0,1,0,0,0,1,0,0
ENCFF082JRS,/experiments/ENCSR943MHU/,1,0,0,1,0,0,0,1,0,0
ENCFF753WOC,/experiments/ENCSR943ZKM/,0,0,0,1,0,0,0,0,0,0
ENCFF969KXX,/experiments/ENCSR947JVR/,0,0,0,0,0,0,0,1,0,0
ENCFF370UVC,/experiments/ENCSR947JVR/,0,0,0,0,0,0,0,1,0,0
ENCFF494AAJ,/experiments/ENCSR950WBG/,0,0,0,0,0,0,0,0,1,1
ENCFF671DQC,/experiments/ENCSR952RGL/,1,0,0,1,0,0,0,0,0,0
ENCFF122YZY,/experiments/ENCSR952UOL/,1,1,0,1,0,0,1,0,0,0
ENCFF935EPG,/experiments/ENCSR953ZOA/,1,0,0,0,0,0,1,0,0,0
ENCFF244ZIB,/experiments/ENCSR953ZOA/,1,0,0,0,0,0,1,0,0,0
ENCFF662IWF,/experiments/ENCSR958FKZ/,0,0,1,0,0,0,0,0,0,0
ENCFF484RUL,/experiments/ENCSR958FKZ/,0,0,1,0,0,0,0,0,0,0
ENCFF309BBY,/experiments/ENCSR960OKV/,0,0,0,0,0,0,0,0,1,0
ENCFF354CYD,/experiments/ENCSR961NOR/,0,0,0,0,0,1,0,0,0,1
ENCFF768ZBD,/experiments/ENCSR961NOR/,0,0,0,0,0,1,0,0,0,1
ENCFF932HYJ,/experiments/ENCSR961OKA/,0,0,0,0,0,0,0,0,0,0
ENCFF834FSL,/experiments/ENCSR961OKA/,0,0,0,0,0,0,0,0,0,0
ENCFF386YUM,/experiments/ENCSR964VOX/,0,0,0,0,1,0,0,0,0,1
ENCFF656OVN,/experiments/ENCSR964VOX/,0,0,0,0,1,0,0,0,0,1
ENCFF617MDS,/experiments/ENCSR965DLL/,0,0,0,1,0,1,0,0,0,0
ENCFF315AQY,/experiments/ENCSR965DLL/,0,0,0,1,0,1,0,0,0,0
ENCFF479WLK,/experiments/ENCSR970FEW/,0,0,1,0,0,0,0,1,1,0
ENCFF560TLH,/experiments/ENCSR970FEW/,0,0,1,0,0,0,0,1,1,0
ENCFF961JRQ,/experiments/ENCSR970NKP/,0,0,0,0,1,0,1,0,0,0
ENCFF110KUU,/experiments/ENCSR970NKP/,0,0,0,0,1,0,1,0,0,0
ENCFF733GMZ,/experiments/ENCSR973HOJ/,0,0,0,1,0,1,0,0,0,0
ENCFF074OYO,/experiments/ENCSR973HOJ/,0,0,0,1,0,1,0,0,0,0
ENCFF399XVR,/experiments/ENCSR975KIR/,0,0,0,0,0,0,0,0,0,0
ENCFF383VVS,/experiments/ENCSR975KIR/,0,0,0,0,0,0,0,0,0,0
ENCFF720COV,/experiments/ENCSR977GTT/,0,0,1,0,0,0,1,0,0,1
ENCFF601DRB,/experiments/ENCSR977OXG/,0,0,0,0,0,0,0,0,0,0
ENCFF397TFH,/experiments/ENCSR977OXG/,0,0,0,0,0,0,0,0,0,0
ENCFF698YHW,/experiments/ENCSR978JXM/,0,0,1,0,0,0,0,0,0,0
ENCFF920RKR,/experiments/ENCSR979EWD/,0,0,0,0,0,0,0,1,0,0
ENCFF659GPS,/experiments/ENCSR979EWD/,0,0,0,0,0,0,0,1,0,0
ENCFF989UNR,/experiments/ENCSR981WKN/,0,0,1,0,0,0,0,0,0,0
ENCFF019TEQ,/experiments/ENCSR981WKN/,0,0,1,0,0,0,0,0,0,0
ENCFF078WXK,/experiments/ENCSR986HXA/,0,0,0,0,0,0,0,0,0,1
ENCFF591SSP,/experiments/ENCSR987FTF/,0,0,0,0,0,0,0,0,0,0
ENCFF172GUS,/experiments/ENCSR987FTF/,0,0,0,0,0,0,0,0,0,0
ENCFF687SEY,/experiments/ENCSR987NYS/,0,0,1,0,0,1,0,0,0,0
ENCFF545IVO,/experiments/ENCSR987NYS/,0,0,1,0,0,1,0,0,0,0
ENCFF374PSI,/experiments/ENCSR989SMC/,0,0,1,1,0,0,0,0,0,0
ENCFF836JKJ,/experiments/ENCSR989SMC/,0,0,1,1,0,0,0,0,0,0
ENCFF816JAS,/experiments/ENCSR989VIY/,1,0,1,0,0,0,0,0,0,0
ENCFF017IOI,/experiments/ENCSR989VIY/,1,0,1,0,0,0,0,0,0,0
ENCFF258COW,/experiments/ENCSR991LWQ/,0,0,0,1,1,0,1,0,0,0
ENCFF476NYI,/experiments/ENCSR993FMY/,1,1,0,1,0,0,0,0,0,0
ENCFF857CKQ,/experiments/ENCSR993FMY/,1,1,0,1,0,0,0,0,0,0
ENCFF768LZF,/experiments/ENCSR993OLA/,1,0,0,1,0,0,0,0,1,0
ENCFF518ZYS,/experiments/ENCSR993OLA/,1,0,0,1,0,0,0,0,1,0
ENCFF692JAV,/experiments/ENCSR999WKT/,1,0,0,0,0,0,0,0,0,0
ENCFF795YLW,/experiments/ENCSR999WKT/,1,0,0,0,0,0,0,0,0,0
ENCFF939DRW,/experiments/ENCSR999YGP/,0,0,0,0,1,0,1,0,0,0
ENCFF248ZFV,/experiments/ENCSR999YGP/,0,0,0,0,1,0,1,0,0,0
